name	n_tokens	chars_total	len_mean	len_median	len_stdev	H1	MI1	n_suffixes	coverage	acc_on_covered	stems_covered	invalid_frac	z_MI1	z_FSM	z_Menu	distinguish_index	invalid_bigrams	total_bigrams	coverage_tokens
rugg_basic	10000	244562	24.4562	24.0	3.2172785953348835	3.7907218876166255	1.135403927791308	80	0.003	1.0	10	0.067	-3.6773071480579476	-3.915	1.7	3.0974357160193158	16385	234562	30
rugg_markov	10000	99074	9.9074	8.0	5.661486133516535	3.659322039878	1.5398348082345765	70	0.207	0.326	171	0.084	-0.9811012784361569	-2.895	0.7	1.5253670928120524	8322	89074	2070
voynich_subset	7045	33886	4.81	5.0	2.17	3.99	1.687	63	0.786	0.482	270	0.0	0.0	0.0	0.0	0.0	0	26841	5537
