name	n_tokens	chars_total	len_mean	len_median	len_stdev	H1	MI1
rugg_basic	10000	244562	24.4562	24.0	3.2172785953348835	3.7907218876166255	1.135403927791308
rugg_markov	10000	99074	9.9074	8.0	5.661486133516535	3.659322039878	1.5398348082345765
