position	count	percentage
standalone	35	0.34891835310537334
suffix	469	4.675505931612003
prefix	2718	27.096002392582992
internal	6809	67.87957332269963
