metric	phase69	random_baseline	difference	p_value
coverage	0.8401068878873689	0.8401068878873689	0.0	1.0
left_rate	0.5869797993431413	0.5	0.08697979934314126	0.0
avg_matches	4.432457224903282	4.432457224903282	0.0	1.0
