dataset	n_tokens	coverage	left_rate
train	20058	0.8386678631967295	0.5897791300428217
test	5015	0.8458624127617148	0.5758874748827864
