language	period	suffix_types	entropy	entropy_diff	kl_divergence	jaccard	overlap_count	shared_suffixes
Medieval_Latin_Medical	Medieval	25	3.8980082360332773	1.647188947943528	0.3930299295251236	0.06451612903225806	2	am, or
Classical_Latin	Classical	22	3.352444475649532	1.1016251875597827	0.11395400913039982	0.07142857142857142	2	am, or
Modern_French	Modern	21	2.6989999245618814	0.44818063647213213	0.01729947751699072	0.03571428571428571	1	or
Modern_Italian	Modern	17	2.132577122162877	0.1182421659268722	0.49382601191013786	0.041666666666666664	1	or
Modern_Catalan	Modern	19	2.2561317941066372	0.00531250601688793	0.10146485209226555	0.038461538461538464	1	or
