section	total_tokens	tokens_covered	coverage_pct	total_matches	avg_matches_per_token	left_predictions	right_predictions	left_pct	right_pct	unique_rules_fired
Recipes	9159	7352	80.27077191833169	43688	4.769953051643192	27447	16241	62.82503204541293	37.174967954587075	99
Herbal	8220	7205	87.65206812652067	34840	4.238442822384428	18108	16732	51.97474167623422	48.02525832376578	101
Biological	5781	4905	84.84691229891023	24755	4.282131119183532	15161	9594	61.24419309230459	38.755806907695415	97
Pharmaceutical	1316	1154	87.68996960486322	6091	4.628419452887538	3589	2502	58.923001149236576	41.07699885076342	91
Astronomical	483	355	73.49896480331263	1338	2.770186335403727	710	628	53.064275037369214	46.93572496263079	72
Unassigned	114	93	81.57894736842105	423	3.710526315789474	219	204	51.77304964539007	48.226950354609926	62
